germplasmName,trait_name,value,location,year,studyName,trait_abbrev,env_id
A1,Yield - kg/ha,5584,DVPWA,2024.0,AWY1_DVPWA_2024,YLD kg/ha,DVPWA_2024.0_AWY1_DVPWA_2024
A1,Yield - kg/ha,6079,2025,2025.0,TCAP_2025_MANKS,YLD kg/ha,2025_2025.0_TCAP_2025_MANKS
A1,Yield - kg/ha,6271,Big6,,25_Big6_SVREC_SVREC,YLD kg/ha,Big6_nan_25_Big6_SVREC_SVREC
A1,Yield - kg/ha,5734,2025,2025.0,OHRWW_2025_SPO,YLD kg/ha,2025_2025.0_OHRWW_2025_SPO
A1,Yield - kg/ha,5333,2025,2025.0,CornellMaster_2025_McGowan,YLD kg/ha,2025_2025.0_CornellMaster_2025_McGowan
A1,Yield - kg/ha,4799,AY2-3,,24Crk_AY2-3,YLD kg/ha,AY2-3_nan_24Crk_AY2-3
A1,Yield - kg/ha,4986,AYT,2025.0,2025_AYT_Aurora,YLD kg/ha,AYT_2025.0_2025_AYT_Aurora
A1,Yield - kg/ha,5207,Urb,,YT_Urb_25,YLD kg/ha,Urb_nan_YT_Urb_25
A1,Yield - kg/ha,5621,2025,2025.0,STP1_2025_MCG,YLD kg/ha,2025_2025.0_STP1_2025_MCG
A2,Yield - kg/ha,6067,DVPWA,2024.0,AWY1_DVPWA_2024,YLD kg/ha,DVPWA_2024.0_AWY1_DVPWA_2024
A2,Yield - kg/ha,6484,2025,2025.0,TCAP_2025_MANKS,YLD kg/ha,2025_2025.0_TCAP_2025_MANKS
A2,Yield - kg/ha,5235,Big6,,25_Big6_SVREC_SVREC,YLD kg/ha,Big6_nan_25_Big6_SVREC_SVREC
A2,Yield - kg/ha,4934,2025,2025.0,OHRWW_2025_SPO,YLD kg/ha,2025_2025.0_OHRWW_2025_SPO
A2,Yield - kg/ha,5792,2025,2025.0,CornellMaster_2025_McGowan,YLD kg/ha,2025_2025.0_CornellMaster_2025_McGowan
A2,Yield - kg/ha,5842,AY2-3,,24Crk_AY2-3,YLD kg/ha,AY2-3_nan_24Crk_AY2-3
A2,Yield - kg/ha,5735,AYT,2025.0,2025_AYT_Aurora,YLD kg/ha,AYT_2025.0_2025_AYT_Aurora
A2,Yield - kg/ha,5204,Urb,,YT_Urb_25,YLD kg/ha,Urb_nan_YT_Urb_25
A2,Yield - kg/ha,5928,2025,2025.0,STP1_2025_MCG,YLD kg/ha,2025_2025.0_STP1_2025_MCG
A3,Yield - kg/ha,4711,DVPWA,2024.0,AWY1_DVPWA_2024,YLD kg/ha,DVPWA_2024.0_AWY1_DVPWA_2024
A3,Yield - kg/ha,5709,2025,2025.0,TCAP_2025_MANKS,YLD kg/ha,2025_2025.0_TCAP_2025_MANKS
A3,Yield - kg/ha,5454,Big6,,25_Big6_SVREC_SVREC,YLD kg/ha,Big6_nan_25_Big6_SVREC_SVREC
A3,Yield - kg/ha,5815,2025,2025.0,OHRWW_2025_SPO,YLD kg/ha,2025_2025.0_OHRWW_2025_SPO
A3,Yield - kg/ha,5647,2025,2025.0,CornellMaster_2025_McGowan,YLD kg/ha,2025_2025.0_CornellMaster_2025_McGowan
A3,Yield - kg/ha,4933,AY2-3,,24Crk_AY2-3,YLD kg/ha,AY2-3_nan_24Crk_AY2-3
A3,Yield - kg/ha,5699,AYT,2025.0,2025_AYT_Aurora,YLD kg/ha,AYT_2025.0_2025_AYT_Aurora
A3,Yield - kg/ha,6172,Urb,,YT_Urb_25,YLD kg/ha,Urb_nan_YT_Urb_25
A3,Yield - kg/ha,5755,2025,2025.0,STP1_2025_MCG,YLD kg/ha,2025_2025.0_STP1_2025_MCG
A4,Yield - kg/ha,6161,DVPWA,2024.0,AWY1_DVPWA_2024,YLD kg/ha,DVPWA_2024.0_AWY1_DVPWA_2024
A4,Yield - kg/ha,4784,2025,2025.0,TCAP_2025_MANKS,YLD kg/ha,2025_2025.0_TCAP_2025_MANKS
A4,Yield - kg/ha,5288,Big6,,25_Big6_SVREC_SVREC,YLD kg/ha,Big6_nan_25_Big6_SVREC_SVREC
A4,Yield - kg/ha,5711,2025,2025.0,OHRWW_2025_SPO,YLD kg/ha,2025_2025.0_OHRWW_2025_SPO
A4,Yield - kg/ha,5186,2025,2025.0,CornellMaster_2025_McGowan,YLD kg/ha,2025_2025.0_CornellMaster_2025_McGowan
A4,Yield - kg/ha,4502,AY2-3,,24Crk_AY2-3,YLD kg/ha,AY2-3_nan_24Crk_AY2-3
A4,Yield - kg/ha,5017,AYT,2025.0,2025_AYT_Aurora,YLD kg/ha,AYT_2025.0_2025_AYT_Aurora
A4,Yield - kg/ha,5117,Urb,,YT_Urb_25,YLD kg/ha,Urb_nan_YT_Urb_25
A4,Yield - kg/ha,4934,2025,2025.0,STP1_2025_MCG,YLD kg/ha,2025_2025.0_STP1_2025_MCG
A5,Yield - kg/ha,4765,DVPWA,2024.0,AWY1_DVPWA_2024,YLD kg/ha,DVPWA_2024.0_AWY1_DVPWA_2024
A5,Yield - kg/ha,4867,2025,2025.0,TCAP_2025_MANKS,YLD kg/ha,2025_2025.0_TCAP_2025_MANKS
A5,Yield - kg/ha,5504,Big6,,25_Big6_SVREC_SVREC,YLD kg/ha,Big6_nan_25_Big6_SVREC_SVREC
A5,Yield - kg/ha,5406,2025,2025.0,OHRWW_2025_SPO,YLD kg/ha,2025_2025.0_OHRWW_2025_SPO
A5,Yield - kg/ha,6315,2025,2025.0,CornellMaster_2025_McGowan,YLD kg/ha,2025_2025.0_CornellMaster_2025_McGowan
A5,Yield - kg/ha,5827,AY2-3,,24Crk_AY2-3,YLD kg/ha,AY2-3_nan_24Crk_AY2-3
A5,Yield - kg/ha,5000,AYT,2025.0,2025_AYT_Aurora,YLD kg/ha,AYT_2025.0_2025_AYT_Aurora
A5,Yield - kg/ha,5808,Urb,,YT_Urb_25,YLD kg/ha,Urb_nan_YT_Urb_25
A5,Yield - kg/ha,5730,2025,2025.0,STP1_2025_MCG,YLD kg/ha,2025_2025.0_STP1_2025_MCG
A6,Yield - kg/ha,6339,DVPWA,2024.0,AWY1_DVPWA_2024,YLD kg/ha,DVPWA_2024.0_AWY1_DVPWA_2024
A6,Yield - kg/ha,5528,2025,2025.0,TCAP_2025_MANKS,YLD kg/ha,2025_2025.0_TCAP_2025_MANKS
A6,Yield - kg/ha,6354,Big6,,25_Big6_SVREC_SVREC,YLD kg/ha,Big6_nan_25_Big6_SVREC_SVREC
A6,Yield - kg/ha,5101,2025,2025.0,OHRWW_2025_SPO,YLD kg/ha,2025_2025.0_OHRWW_2025_SPO
A6,Yield - kg/ha,5612,2025,2025.0,CornellMaster_2025_McGowan,YLD kg/ha,2025_2025.0_CornellMaster_2025_McGowan
A6,Yield - kg/ha,6225,AY2-3,,24Crk_AY2-3,YLD kg/ha,AY2-3_nan_24Crk_AY2-3
A6,Yield - kg/ha,5633,AYT,2025.0,2025_AYT_Aurora,YLD kg/ha,AYT_2025.0_2025_AYT_Aurora
A6,Yield - kg/ha,5865,Urb,,YT_Urb_25,YLD kg/ha,Urb_nan_YT_Urb_25
A6,Yield - kg/ha,5791,2025,2025.0,STP1_2025_MCG,YLD kg/ha,2025_2025.0_STP1_2025_MCG
A7,Yield - kg/ha,6268,DVPWA,2024.0,AWY1_DVPWA_2024,YLD kg/ha,DVPWA_2024.0_AWY1_DVPWA_2024
A7,Yield - kg/ha,6261,2025,2025.0,TCAP_2025_MANKS,YLD kg/ha,2025_2025.0_TCAP_2025_MANKS
A7,Yield - kg/ha,5331,Big6,,25_Big6_SVREC_SVREC,YLD kg/ha,Big6_nan_25_Big6_SVREC_SVREC
A7,Yield - kg/ha,4881,2025,2025.0,OHRWW_2025_SPO,YLD kg/ha,2025_2025.0_OHRWW_2025_SPO
A7,Yield - kg/ha,6346,2025,2025.0,CornellMaster_2025_McGowan,YLD kg/ha,2025_2025.0_CornellMaster_2025_McGowan
A7,Yield - kg/ha,5621,AY2-3,,24Crk_AY2-3,YLD kg/ha,AY2-3_nan_24Crk_AY2-3
A7,Yield - kg/ha,5253,AYT,2025.0,2025_AYT_Aurora,YLD kg/ha,AYT_2025.0_2025_AYT_Aurora
A7,Yield - kg/ha,5546,Urb,,YT_Urb_25,YLD kg/ha,Urb_nan_YT_Urb_25
A7,Yield - kg/ha,5484,2025,2025.0,STP1_2025_MCG,YLD kg/ha,2025_2025.0_STP1_2025_MCG
A8,Yield - kg/ha,5033,DVPWA,2024.0,AWY1_DVPWA_2024,YLD kg/ha,DVPWA_2024.0_AWY1_DVPWA_2024
A8,Yield - kg/ha,5120,2025,2025.0,TCAP_2025_MANKS,YLD kg/ha,2025_2025.0_TCAP_2025_MANKS
A8,Yield - kg/ha,5180,Big6,,25_Big6_SVREC_SVREC,YLD kg/ha,Big6_nan_25_Big6_SVREC_SVREC
A8,Yield - kg/ha,6145,2025,2025.0,OHRWW_2025_SPO,YLD kg/ha,2025_2025.0_OHRWW_2025_SPO
A8,Yield - kg/ha,5700,2025,2025.0,CornellMaster_2025_McGowan,YLD kg/ha,2025_2025.0_CornellMaster_2025_McGowan
A8,Yield - kg/ha,5513,AY2-3,,24Crk_AY2-3,YLD kg/ha,AY2-3_nan_24Crk_AY2-3
A8,Yield - kg/ha,5300,AYT,2025.0,2025_AYT_Aurora,YLD kg/ha,AYT_2025.0_2025_AYT_Aurora
A8,Yield - kg/ha,4659,Urb,,YT_Urb_25,YLD kg/ha,Urb_nan_YT_Urb_25
A8,Yield - kg/ha,4909,2025,2025.0,STP1_2025_MCG,YLD kg/ha,2025_2025.0_STP1_2025_MCG
A9,Yield - kg/ha,5443,DVPWA,2024.0,AWY1_DVPWA_2024,YLD kg/ha,DVPWA_2024.0_AWY1_DVPWA_2024
A9,Yield - kg/ha,5219,2025,2025.0,TCAP_2025_MANKS,YLD kg/ha,2025_2025.0_TCAP_2025_MANKS
A9,Yield - kg/ha,6480,Big6,,25_Big6_SVREC_SVREC,YLD kg/ha,Big6_nan_25_Big6_SVREC_SVREC
A9,Yield - kg/ha,5777,2025,2025.0,OHRWW_2025_SPO,YLD kg/ha,2025_2025.0_OHRWW_2025_SPO
A9,Yield - kg/ha,6256,2025,2025.0,CornellMaster_2025_McGowan,YLD kg/ha,2025_2025.0_CornellMaster_2025_McGowan
A9,Yield - kg/ha,5545,AY2-3,,24Crk_AY2-3,YLD kg/ha,AY2-3_nan_24Crk_AY2-3
A9,Yield - kg/ha,4569,AYT,2025.0,2025_AYT_Aurora,YLD kg/ha,AYT_2025.0_2025_AYT_Aurora
A9,Yield - kg/ha,5707,Urb,,YT_Urb_25,YLD kg/ha,Urb_nan_YT_Urb_25
A9,Yield - kg/ha,4615,2025,2025.0,STP1_2025_MCG,YLD kg/ha,2025_2025.0_STP1_2025_MCG
A10,Yield - kg/ha,4518,DVPWA,2024.0,AWY1_DVPWA_2024,YLD kg/ha,DVPWA_2024.0_AWY1_DVPWA_2024
A10,Yield - kg/ha,5501,2025,2025.0,TCAP_2025_MANKS,YLD kg/ha,2025_2025.0_TCAP_2025_MANKS
A10,Yield - kg/ha,4671,Big6,,25_Big6_SVREC_SVREC,YLD kg/ha,Big6_nan_25_Big6_SVREC_SVREC
A10,Yield - kg/ha,5460,2025,2025.0,OHRWW_2025_SPO,YLD kg/ha,2025_2025.0_OHRWW_2025_SPO
A10,Yield - kg/ha,5903,2025,2025.0,CornellMaster_2025_McGowan,YLD kg/ha,2025_2025.0_CornellMaster_2025_McGowan
A10,Yield - kg/ha,5843,AY2-3,,24Crk_AY2-3,YLD kg/ha,AY2-3_nan_24Crk_AY2-3
A10,Yield - kg/ha,6058,AYT,2025.0,2025_AYT_Aurora,YLD kg/ha,AYT_2025.0_2025_AYT_Aurora
A10,Yield - kg/ha,4850,Urb,,YT_Urb_25,YLD kg/ha,Urb_nan_YT_Urb_25
A10,Yield - kg/ha,5810,2025,2025.0,STP1_2025_MCG,YLD kg/ha,2025_2025.0_STP1_2025_MCG
A11,Yield - kg/ha,5626,DVPWA,2024.0,AWY1_DVPWA_2024,YLD kg/ha,DVPWA_2024.0_AWY1_DVPWA_2024
A11,Yield - kg/ha,5481,2025,2025.0,TCAP_2025_MANKS,YLD kg/ha,2025_2025.0_TCAP_2025_MANKS
A11,Yield - kg/ha,5273,Big6,,25_Big6_SVREC_SVREC,YLD kg/ha,Big6_nan_25_Big6_SVREC_SVREC
A11,Yield - kg/ha,6363,2025,2025.0,OHRWW_2025_SPO,YLD kg/ha,2025_2025.0_OHRWW_2025_SPO
A11,Yield - kg/ha,5104,2025,2025.0,CornellMaster_2025_McGowan,YLD kg/ha,2025_2025.0_CornellMaster_2025_McGowan
A11,Yield - kg/ha,4763,AY2-3,,24Crk_AY2-3,YLD kg/ha,AY2-3_nan_24Crk_AY2-3
A11,Yield - kg/ha,6248,AYT,2025.0,2025_AYT_Aurora,YLD kg/ha,AYT_2025.0_2025_AYT_Aurora
A11,Yield - kg/ha,5730,Urb,,YT_Urb_25,YLD kg/ha,Urb_nan_YT_Urb_25
A11,Yield - kg/ha,6404,2025,2025.0,STP1_2025_MCG,YLD kg/ha,2025_2025.0_STP1_2025_MCG
A12,Yield - kg/ha,5559,DVPWA,2024.0,AWY1_DVPWA_2024,YLD kg/ha,DVPWA_2024.0_AWY1_DVPWA_2024
A12,Yield - kg/ha,6193,2025,2025.0,TCAP_2025_MANKS,YLD kg/ha,2025_2025.0_TCAP_2025_MANKS
A12,Yield - kg/ha,6491,Big6,,25_Big6_SVREC_SVREC,YLD kg/ha,Big6_nan_25_Big6_SVREC_SVREC
A12,Yield - kg/ha,5340,2025,2025.0,OHRWW_2025_SPO,YLD kg/ha,2025_2025.0_OHRWW_2025_SPO
A12,Yield - kg/ha,5533,2025,2025.0,CornellMaster_2025_McGowan,YLD kg/ha,2025_2025.0_CornellMaster_2025_McGowan
A12,Yield - kg/ha,5463,AY2-3,,24Crk_AY2-3,YLD kg/ha,AY2-3_nan_24Crk_AY2-3
A12,Yield - kg/ha,4859,AYT,2025.0,2025_AYT_Aurora,YLD kg/ha,AYT_2025.0_2025_AYT_Aurora
A12,Yield - kg/ha,5605,Urb,,YT_Urb_25,YLD kg/ha,Urb_nan_YT_Urb_25
A12,Yield - kg/ha,4622,2025,2025.0,STP1_2025_MCG,YLD kg/ha,2025_2025.0_STP1_2025_MCG
A13,Yield - kg/ha,5144,DVPWA,2024.0,AWY1_DVPWA_2024,YLD kg/ha,DVPWA_2024.0_AWY1_DVPWA_2024
A13,Yield - kg/ha,6170,2025,2025.0,TCAP_2025_MANKS,YLD kg/ha,2025_2025.0_TCAP_2025_MANKS
A13,Yield - kg/ha,4782,Big6,,25_Big6_SVREC_SVREC,YLD kg/ha,Big6_nan_25_Big6_SVREC_SVREC
A13,Yield - kg/ha,5387,2025,2025.0,OHRWW_2025_SPO,YLD kg/ha,2025_2025.0_OHRWW_2025_SPO
A13,Yield - kg/ha,6426,2025,2025.0,CornellMaster_2025_McGowan,YLD kg/ha,2025_2025.0_CornellMaster_2025_McGowan
A13,Yield - kg/ha,6222,AY2-3,,24Crk_AY2-3,YLD kg/ha,AY2-3_nan_24Crk_AY2-3
A13,Yield - kg/ha,5284,AYT,2025.0,2025_AYT_Aurora,YLD kg/ha,AYT_2025.0_2025_AYT_Aurora
A13,Yield - kg/ha,5599,Urb,,YT_Urb_25,YLD kg/ha,Urb_nan_YT_Urb_25
A13,Yield - kg/ha,5767,2025,2025.0,STP1_2025_MCG,YLD kg/ha,2025_2025.0_STP1_2025_MCG
A14,Yield - kg/ha,6161,DVPWA,2024.0,AWY1_DVPWA_2024,YLD kg/ha,DVPWA_2024.0_AWY1_DVPWA_2024
A14,Yield - kg/ha,5692,2025,2025.0,TCAP_2025_MANKS,YLD kg/ha,2025_2025.0_TCAP_2025_MANKS
A14,Yield - kg/ha,5499,Big6,,25_Big6_SVREC_SVREC,YLD kg/ha,Big6_nan_25_Big6_SVREC_SVREC
A14,Yield - kg/ha,6200,2025,2025.0,OHRWW_2025_SPO,YLD kg/ha,2025_2025.0_OHRWW_2025_SPO
A14,Yield - kg/ha,5768,2025,2025.0,CornellMaster_2025_McGowan,YLD kg/ha,2025_2025.0_CornellMaster_2025_McGowan
A14,Yield - kg/ha,6050,AY2-3,,24Crk_AY2-3,YLD kg/ha,AY2-3_nan_24Crk_AY2-3
A14,Yield - kg/ha,5620,AYT,2025.0,2025_AYT_Aurora,YLD kg/ha,AYT_2025.0_2025_AYT_Aurora
A14,Yield - kg/ha,5075,Urb,,YT_Urb_25,YLD kg/ha,Urb_nan_YT_Urb_25
A14,Yield - kg/ha,6339,2025,2025.0,STP1_2025_MCG,YLD kg/ha,2025_2025.0_STP1_2025_MCG
A15,Yield - kg/ha,4740,DVPWA,2024.0,AWY1_DVPWA_2024,YLD kg/ha,DVPWA_2024.0_AWY1_DVPWA_2024
A15,Yield - kg/ha,6175,2025,2025.0,TCAP_2025_MANKS,YLD kg/ha,2025_2025.0_TCAP_2025_MANKS
A15,Yield - kg/ha,5204,Big6,,25_Big6_SVREC_SVREC,YLD kg/ha,Big6_nan_25_Big6_SVREC_SVREC
A15,Yield - kg/ha,6050,2025,2025.0,OHRWW_2025_SPO,YLD kg/ha,2025_2025.0_OHRWW_2025_SPO
A15,Yield - kg/ha,6333,2025,2025.0,CornellMaster_2025_McGowan,YLD kg/ha,2025_2025.0_CornellMaster_2025_McGowan
A15,Yield - kg/ha,6072,AY2-3,,24Crk_AY2-3,YLD kg/ha,AY2-3_nan_24Crk_AY2-3
A15,Yield - kg/ha,6013,AYT,2025.0,2025_AYT_Aurora,YLD kg/ha,AYT_2025.0_2025_AYT_Aurora
A15,Yield - kg/ha,5134,Urb,,YT_Urb_25,YLD kg/ha,Urb_nan_YT_Urb_25
A15,Yield - kg/ha,5602,2025,2025.0,STP1_2025_MCG,YLD kg/ha,2025_2025.0_STP1_2025_MCG
A16,Yield - kg/ha,5510,DVPWA,2024.0,AWY1_DVPWA_2024,YLD kg/ha,DVPWA_2024.0_AWY1_DVPWA_2024
A16,Yield - kg/ha,5805,2025,2025.0,TCAP_2025_MANKS,YLD kg/ha,2025_2025.0_TCAP_2025_MANKS
A16,Yield - kg/ha,4515,Big6,,25_Big6_SVREC_SVREC,YLD kg/ha,Big6_nan_25_Big6_SVREC_SVREC
A16,Yield - kg/ha,4766,2025,2025.0,OHRWW_2025_SPO,YLD kg/ha,2025_2025.0_OHRWW_2025_SPO
A16,Yield - kg/ha,5391,2025,2025.0,CornellMaster_2025_McGowan,YLD kg/ha,2025_2025.0_CornellMaster_2025_McGowan
A16,Yield - kg/ha,5922,AY2-3,,24Crk_AY2-3,YLD kg/ha,AY2-3_nan_24Crk_AY2-3
A16,Yield - kg/ha,5887,AYT,2025.0,2025_AYT_Aurora,YLD kg/ha,AYT_2025.0_2025_AYT_Aurora
A16,Yield - kg/ha,5455,Urb,,YT_Urb_25,YLD kg/ha,Urb_nan_YT_Urb_25
A16,Yield - kg/ha,5098,2025,2025.0,STP1_2025_MCG,YLD kg/ha,2025_2025.0_STP1_2025_MCG
A17,Yield - kg/ha,6190,DVPWA,2024.0,AWY1_DVPWA_2024,YLD kg/ha,DVPWA_2024.0_AWY1_DVPWA_2024
A17,Yield - kg/ha,5916,2025,2025.0,TCAP_2025_MANKS,YLD kg/ha,2025_2025.0_TCAP_2025_MANKS
A17,Yield - kg/ha,5869,Big6,,25_Big6_SVREC_SVREC,YLD kg/ha,Big6_nan_25_Big6_SVREC_SVREC
A17,Yield - kg/ha,5992,2025,2025.0,OHRWW_2025_SPO,YLD kg/ha,2025_2025.0_OHRWW_2025_SPO
A17,Yield - kg/ha,5674,2025,2025.0,CornellMaster_2025_McGowan,YLD kg/ha,2025_2025.0_CornellMaster_2025_McGowan
A17,Yield - kg/ha,5180,AY2-3,,24Crk_AY2-3,YLD kg/ha,AY2-3_nan_24Crk_AY2-3
A17,Yield - kg/ha,5838,AYT,2025.0,2025_AYT_Aurora,YLD kg/ha,AYT_2025.0_2025_AYT_Aurora
A17,Yield - kg/ha,6337,Urb,,YT_Urb_25,YLD kg/ha,Urb_nan_YT_Urb_25
A17,Yield - kg/ha,5069,2025,2025.0,STP1_2025_MCG,YLD kg/ha,2025_2025.0_STP1_2025_MCG
A18,Yield - kg/ha,5017,DVPWA,2024.0,AWY1_DVPWA_2024,YLD kg/ha,DVPWA_2024.0_AWY1_DVPWA_2024
A18,Yield - kg/ha,6250,2025,2025.0,TCAP_2025_MANKS,YLD kg/ha,2025_2025.0_TCAP_2025_MANKS
A18,Yield - kg/ha,5952,Big6,,25_Big6_SVREC_SVREC,YLD kg/ha,Big6_nan_25_Big6_SVREC_SVREC
A18,Yield - kg/ha,4715,2025,2025.0,OHRWW_2025_SPO,YLD kg/ha,2025_2025.0_OHRWW_2025_SPO
A18,Yield - kg/ha,5610,2025,2025.0,CornellMaster_2025_McGowan,YLD kg/ha,2025_2025.0_CornellMaster_2025_McGowan
A18,Yield - kg/ha,4959,AY2-3,,24Crk_AY2-3,YLD kg/ha,AY2-3_nan_24Crk_AY2-3
A18,Yield - kg/ha,6414,AYT,2025.0,2025_AYT_Aurora,YLD kg/ha,AYT_2025.0_2025_AYT_Aurora
A18,Yield - kg/ha,5982,Urb,,YT_Urb_25,YLD kg/ha,Urb_nan_YT_Urb_25
A18,Yield - kg/ha,6213,2025,2025.0,STP1_2025_MCG,YLD kg/ha,2025_2025.0_STP1_2025_MCG
A19,Yield - kg/ha,4548,DVPWA,2024.0,AWY1_DVPWA_2024,YLD kg/ha,DVPWA_2024.0_AWY1_DVPWA_2024
A19,Yield - kg/ha,4527,2025,2025.0,TCAP_2025_MANKS,YLD kg/ha,2025_2025.0_TCAP_2025_MANKS
A19,Yield - kg/ha,5541,Big6,,25_Big6_SVREC_SVREC,YLD kg/ha,Big6_nan_25_Big6_SVREC_SVREC
A19,Yield - kg/ha,4999,2025,2025.0,OHRWW_2025_SPO,YLD kg/ha,2025_2025.0_OHRWW_2025_SPO
A19,Yield - kg/ha,5902,2025,2025.0,CornellMaster_2025_McGowan,YLD kg/ha,2025_2025.0_CornellMaster_2025_McGowan
A19,Yield - kg/ha,5183,AY2-3,,24Crk_AY2-3,YLD kg/ha,AY2-3_nan_24Crk_AY2-3
A19,Yield - kg/ha,5647,AYT,2025.0,2025_AYT_Aurora,YLD kg/ha,AYT_2025.0_2025_AYT_Aurora
A19,Yield - kg/ha,4644,Urb,,YT_Urb_25,YLD kg/ha,Urb_nan_YT_Urb_25
A19,Yield - kg/ha,5444,2025,2025.0,STP1_2025_MCG,YLD kg/ha,2025_2025.0_STP1_2025_MCG
A20,Yield - kg/ha,6091,DVPWA,2024.0,AWY1_DVPWA_2024,YLD kg/ha,DVPWA_2024.0_AWY1_DVPWA_2024
A20,Yield - kg/ha,5941,2025,2025.0,TCAP_2025_MANKS,YLD kg/ha,2025_2025.0_TCAP_2025_MANKS
A20,Yield - kg/ha,4831,Big6,,25_Big6_SVREC_SVREC,YLD kg/ha,Big6_nan_25_Big6_SVREC_SVREC
A20,Yield - kg/ha,5970,2025,2025.0,OHRWW_2025_SPO,YLD kg/ha,2025_2025.0_OHRWW_2025_SPO
A20,Yield - kg/ha,5727,2025,2025.0,CornellMaster_2025_McGowan,YLD kg/ha,2025_2025.0_CornellMaster_2025_McGowan
A20,Yield - kg/ha,5307,AY2-3,,24Crk_AY2-3,YLD kg/ha,AY2-3_nan_24Crk_AY2-3
A20,Yield - kg/ha,4552,AYT,2025.0,2025_AYT_Aurora,YLD kg/ha,AYT_2025.0_2025_AYT_Aurora
A20,Yield - kg/ha,6033,Urb,,YT_Urb_25,YLD kg/ha,Urb_nan_YT_Urb_25
A20,Yield - kg/ha,5922,2025,2025.0,STP1_2025_MCG,YLD kg/ha,2025_2025.0_STP1_2025_MCG
A21,Yield - kg/ha,5893,DVPWA,2024.0,AWY1_DVPWA_2024,YLD kg/ha,DVPWA_2024.0_AWY1_DVPWA_2024
A21,Yield - kg/ha,5113,2025,2025.0,TCAP_2025_MANKS,YLD kg/ha,2025_2025.0_TCAP_2025_MANKS
A21,Yield - kg/ha,5937,Big6,,25_Big6_SVREC_SVREC,YLD kg/ha,Big6_nan_25_Big6_SVREC_SVREC
A21,Yield - kg/ha,5507,2025,2025.0,OHRWW_2025_SPO,YLD kg/ha,2025_2025.0_OHRWW_2025_SPO
A21,Yield - kg/ha,5353,2025,2025.0,CornellMaster_2025_McGowan,YLD kg/ha,2025_2025.0_CornellMaster_2025_McGowan
A21,Yield - kg/ha,4975,AY2-3,,24Crk_AY2-3,YLD kg/ha,AY2-3_nan_24Crk_AY2-3
A21,Yield - kg/ha,6251,AYT,2025.0,2025_AYT_Aurora,YLD kg/ha,AYT_2025.0_2025_AYT_Aurora
A21,Yield - kg/ha,5347,Urb,,YT_Urb_25,YLD kg/ha,Urb_nan_YT_Urb_25
A21,Yield - kg/ha,5608,2025,2025.0,STP1_2025_MCG,YLD kg/ha,2025_2025.0_STP1_2025_MCG
A22,Yield - kg/ha,6152,DVPWA,2024.0,AWY1_DVPWA_2024,YLD kg/ha,DVPWA_2024.0_AWY1_DVPWA_2024
A22,Yield - kg/ha,6265,2025,2025.0,TCAP_2025_MANKS,YLD kg/ha,2025_2025.0_TCAP_2025_MANKS
A22,Yield - kg/ha,6271,Big6,,25_Big6_SVREC_SVREC,YLD kg/ha,Big6_nan_25_Big6_SVREC_SVREC
A22,Yield - kg/ha,4620,2025,2025.0,OHRWW_2025_SPO,YLD kg/ha,2025_2025.0_OHRWW_2025_SPO
A22,Yield - kg/ha,4513,2025,2025.0,CornellMaster_2025_McGowan,YLD kg/ha,2025_2025.0_CornellMaster_2025_McGowan
A22,Yield - kg/ha,5058,AY2-3,,24Crk_AY2-3,YLD kg/ha,AY2-3_nan_24Crk_AY2-3
A22,Yield - kg/ha,5780,AYT,2025.0,2025_AYT_Aurora,YLD kg/ha,AYT_2025.0_2025_AYT_Aurora
A22,Yield - kg/ha,5169,Urb,,YT_Urb_25,YLD kg/ha,Urb_nan_YT_Urb_25
A22,Yield - kg/ha,5389,2025,2025.0,STP1_2025_MCG,YLD kg/ha,2025_2025.0_STP1_2025_MCG
A23,Yield - kg/ha,4631,DVPWA,2024.0,AWY1_DVPWA_2024,YLD kg/ha,DVPWA_2024.0_AWY1_DVPWA_2024
A23,Yield - kg/ha,5777,2025,2025.0,TCAP_2025_MANKS,YLD kg/ha,2025_2025.0_TCAP_2025_MANKS
A23,Yield - kg/ha,5907,Big6,,25_Big6_SVREC_SVREC,YLD kg/ha,Big6_nan_25_Big6_SVREC_SVREC
A23,Yield - kg/ha,5156,2025,2025.0,OHRWW_2025_SPO,YLD kg/ha,2025_2025.0_OHRWW_2025_SPO
A23,Yield - kg/ha,5134,2025,2025.0,CornellMaster_2025_McGowan,YLD kg/ha,2025_2025.0_CornellMaster_2025_McGowan
A23,Yield - kg/ha,5530,AY2-3,,24Crk_AY2-3,YLD kg/ha,AY2-3_nan_24Crk_AY2-3
A23,Yield - kg/ha,5451,AYT,2025.0,2025_AYT_Aurora,YLD kg/ha,AYT_2025.0_2025_AYT_Aurora
A23,Yield - kg/ha,5282,Urb,,YT_Urb_25,YLD kg/ha,Urb_nan_YT_Urb_25
A23,Yield - kg/ha,5650,2025,2025.0,STP1_2025_MCG,YLD kg/ha,2025_2025.0_STP1_2025_MCG
A24,Yield - kg/ha,5971,DVPWA,2024.0,AWY1_DVPWA_2024,YLD kg/ha,DVPWA_2024.0_AWY1_DVPWA_2024
A24,Yield - kg/ha,4616,2025,2025.0,TCAP_2025_MANKS,YLD kg/ha,2025_2025.0_TCAP_2025_MANKS
A24,Yield - kg/ha,5467,Big6,,25_Big6_SVREC_SVREC,YLD kg/ha,Big6_nan_25_Big6_SVREC_SVREC
A24,Yield - kg/ha,6407,2025,2025.0,OHRWW_2025_SPO,YLD kg/ha,2025_2025.0_OHRWW_2025_SPO
A24,Yield - kg/ha,6423,2025,2025.0,CornellMaster_2025_McGowan,YLD kg/ha,2025_2025.0_CornellMaster_2025_McGowan
A24,Yield - kg/ha,4800,AY2-3,,24Crk_AY2-3,YLD kg/ha,AY2-3_nan_24Crk_AY2-3
A24,Yield - kg/ha,6254,AYT,2025.0,2025_AYT_Aurora,YLD kg/ha,AYT_2025.0_2025_AYT_Aurora
A24,Yield - kg/ha,5582,Urb,,YT_Urb_25,YLD kg/ha,Urb_nan_YT_Urb_25
A24,Yield - kg/ha,5291,2025,2025.0,STP1_2025_MCG,YLD kg/ha,2025_2025.0_STP1_2025_MCG
A25,Yield - kg/ha,5460,DVPWA,2024.0,AWY1_DVPWA_2024,YLD kg/ha,DVPWA_2024.0_AWY1_DVPWA_2024
A25,Yield - kg/ha,6048,2025,2025.0,TCAP_2025_MANKS,YLD kg/ha,2025_2025.0_TCAP_2025_MANKS
A25,Yield - kg/ha,5325,Big6,,25_Big6_SVREC_SVREC,YLD kg/ha,Big6_nan_25_Big6_SVREC_SVREC
A25,Yield - kg/ha,6245,2025,2025.0,OHRWW_2025_SPO,YLD kg/ha,2025_2025.0_OHRWW_2025_SPO
A25,Yield - kg/ha,4532,2025,2025.0,CornellMaster_2025_McGowan,YLD kg/ha,2025_2025.0_CornellMaster_2025_McGowan
A25,Yield - kg/ha,5782,AY2-3,,24Crk_AY2-3,YLD kg/ha,AY2-3_nan_24Crk_AY2-3
A25,Yield - kg/ha,5563,AYT,2025.0,2025_AYT_Aurora,YLD kg/ha,AYT_2025.0_2025_AYT_Aurora
A25,Yield - kg/ha,5420,Urb,,YT_Urb_25,YLD kg/ha,Urb_nan_YT_Urb_25
A25,Yield - kg/ha,5063,2025,2025.0,STP1_2025_MCG,YLD kg/ha,2025_2025.0_STP1_2025_MCG
A26,Yield - kg/ha,5632,DVPWA,2024.0,AWY1_DVPWA_2024,YLD kg/ha,DVPWA_2024.0_AWY1_DVPWA_2024
A26,Yield - kg/ha,5582,2025,2025.0,TCAP_2025_MANKS,YLD kg/ha,2025_2025.0_TCAP_2025_MANKS
A26,Yield - kg/ha,6110,Big6,,25_Big6_SVREC_SVREC,YLD kg/ha,Big6_nan_25_Big6_SVREC_SVREC
A26,Yield - kg/ha,5416,2025,2025.0,OHRWW_2025_SPO,YLD kg/ha,2025_2025.0_OHRWW_2025_SPO
A26,Yield - kg/ha,5752,2025,2025.0,CornellMaster_2025_McGowan,YLD kg/ha,2025_2025.0_CornellMaster_2025_McGowan
A26,Yield - kg/ha,5813,AY2-3,,24Crk_AY2-3,YLD kg/ha,AY2-3_nan_24Crk_AY2-3
A26,Yield - kg/ha,6164,AYT,2025.0,2025_AYT_Aurora,YLD kg/ha,AYT_2025.0_2025_AYT_Aurora
A26,Yield - kg/ha,6178,Urb,,YT_Urb_25,YLD kg/ha,Urb_nan_YT_Urb_25
A26,Yield - kg/ha,4653,2025,2025.0,STP1_2025_MCG,YLD kg/ha,2025_2025.0_STP1_2025_MCG
A27,Yield - kg/ha,4885,DVPWA,2024.0,AWY1_DVPWA_2024,YLD kg/ha,DVPWA_2024.0_AWY1_DVPWA_2024
A27,Yield - kg/ha,5478,2025,2025.0,TCAP_2025_MANKS,YLD kg/ha,2025_2025.0_TCAP_2025_MANKS
A27,Yield - kg/ha,4986,Big6,,25_Big6_SVREC_SVREC,YLD kg/ha,Big6_nan_25_Big6_SVREC_SVREC
A27,Yield - kg/ha,4592,2025,2025.0,OHRWW_2025_SPO,YLD kg/ha,2025_2025.0_OHRWW_2025_SPO
A27,Yield - kg/ha,4516,2025,2025.0,CornellMaster_2025_McGowan,YLD kg/ha,2025_2025.0_CornellMaster_2025_McGowan
A27,Yield - kg/ha,5709,AY2-3,,24Crk_AY2-3,YLD kg/ha,AY2-3_nan_24Crk_AY2-3
A27,Yield - kg/ha,5471,AYT,2025.0,2025_AYT_Aurora,YLD kg/ha,AYT_2025.0_2025_AYT_Aurora
A27,Yield - kg/ha,5755,Urb,,YT_Urb_25,YLD kg/ha,Urb_nan_YT_Urb_25
A27,Yield - kg/ha,5639,2025,2025.0,STP1_2025_MCG,YLD kg/ha,2025_2025.0_STP1_2025_MCG
A28,Yield - kg/ha,6093,DVPWA,2024.0,AWY1_DVPWA_2024,YLD kg/ha,DVPWA_2024.0_AWY1_DVPWA_2024
A28,Yield - kg/ha,6290,2025,2025.0,TCAP_2025_MANKS,YLD kg/ha,2025_2025.0_TCAP_2025_MANKS
A28,Yield - kg/ha,5365,Big6,,25_Big6_SVREC_SVREC,YLD kg/ha,Big6_nan_25_Big6_SVREC_SVREC
A28,Yield - kg/ha,5532,2025,2025.0,OHRWW_2025_SPO,YLD kg/ha,2025_2025.0_OHRWW_2025_SPO
A28,Yield - kg/ha,6383,2025,2025.0,CornellMaster_2025_McGowan,YLD kg/ha,2025_2025.0_CornellMaster_2025_McGowan
A28,Yield - kg/ha,6005,AY2-3,,24Crk_AY2-3,YLD kg/ha,AY2-3_nan_24Crk_AY2-3
A28,Yield - kg/ha,5798,AYT,2025.0,2025_AYT_Aurora,YLD kg/ha,AYT_2025.0_2025_AYT_Aurora
A28,Yield - kg/ha,5990,Urb,,YT_Urb_25,YLD kg/ha,Urb_nan_YT_Urb_25
A28,Yield - kg/ha,4816,2025,2025.0,STP1_2025_MCG,YLD kg/ha,2025_2025.0_STP1_2025_MCG
A29,Yield - kg/ha,4853,DVPWA,2024.0,AWY1_DVPWA_2024,YLD kg/ha,DVPWA_2024.0_AWY1_DVPWA_2024
A29,Yield - kg/ha,5083,2025,2025.0,TCAP_2025_MANKS,YLD kg/ha,2025_2025.0_TCAP_2025_MANKS
A29,Yield - kg/ha,5692,Big6,,25_Big6_SVREC_SVREC,YLD kg/ha,Big6_nan_25_Big6_SVREC_SVREC
A29,Yield - kg/ha,5179,2025,2025.0,OHRWW_2025_SPO,YLD kg/ha,2025_2025.0_OHRWW_2025_SPO
A29,Yield - kg/ha,5767,2025,2025.0,CornellMaster_2025_McGowan,YLD kg/ha,2025_2025.0_CornellMaster_2025_McGowan
A29,Yield - kg/ha,5240,AY2-3,,24Crk_AY2-3,YLD kg/ha,AY2-3_nan_24Crk_AY2-3
A29,Yield - kg/ha,4929,AYT,2025.0,2025_AYT_Aurora,YLD kg/ha,AYT_2025.0_2025_AYT_Aurora
A29,Yield - kg/ha,6134,Urb,,YT_Urb_25,YLD kg/ha,Urb_nan_YT_Urb_25
A29,Yield - kg/ha,6164,2025,2025.0,STP1_2025_MCG,YLD kg/ha,2025_2025.0_STP1_2025_MCG
A30,Yield - kg/ha,4768,DVPWA,2024.0,AWY1_DVPWA_2024,YLD kg/ha,DVPWA_2024.0_AWY1_DVPWA_2024
A30,Yield - kg/ha,6177,2025,2025.0,TCAP_2025_MANKS,YLD kg/ha,2025_2025.0_TCAP_2025_MANKS
A30,Yield - kg/ha,5327,Big6,,25_Big6_SVREC_SVREC,YLD kg/ha,Big6_nan_25_Big6_SVREC_SVREC
A30,Yield - kg/ha,6100,2025,2025.0,OHRWW_2025_SPO,YLD kg/ha,2025_2025.0_OHRWW_2025_SPO
A30,Yield - kg/ha,5959,2025,2025.0,CornellMaster_2025_McGowan,YLD kg/ha,2025_2025.0_CornellMaster_2025_McGowan
A30,Yield - kg/ha,5760,AY2-3,,24Crk_AY2-3,YLD kg/ha,AY2-3_nan_24Crk_AY2-3
A30,Yield - kg/ha,5269,AYT,2025.0,2025_AYT_Aurora,YLD kg/ha,AYT_2025.0_2025_AYT_Aurora
A30,Yield - kg/ha,4748,Urb,,YT_Urb_25,YLD kg/ha,Urb_nan_YT_Urb_25
A30,Yield - kg/ha,6113,2025,2025.0,STP1_2025_MCG,YLD kg/ha,2025_2025.0_STP1_2025_MCG
A31,Yield - kg/ha,4690,DVPWA,2024.0,AWY1_DVPWA_2024,YLD kg/ha,DVPWA_2024.0_AWY1_DVPWA_2024
A31,Yield - kg/ha,5703,2025,2025.0,TCAP_2025_MANKS,YLD kg/ha,2025_2025.0_TCAP_2025_MANKS
A31,Yield - kg/ha,6199,Big6,,25_Big6_SVREC_SVREC,YLD kg/ha,Big6_nan_25_Big6_SVREC_SVREC
A31,Yield - kg/ha,4898,2025,2025.0,OHRWW_2025_SPO,YLD kg/ha,2025_2025.0_OHRWW_2025_SPO
A31,Yield - kg/ha,5162,2025,2025.0,CornellMaster_2025_McGowan,YLD kg/ha,2025_2025.0_CornellMaster_2025_McGowan
A31,Yield - kg/ha,6029,AY2-3,,24Crk_AY2-3,YLD kg/ha,AY2-3_nan_24Crk_AY2-3
A31,Yield - kg/ha,4693,AYT,2025.0,2025_AYT_Aurora,YLD kg/ha,AYT_2025.0_2025_AYT_Aurora
A31,Yield - kg/ha,5349,Urb,,YT_Urb_25,YLD kg/ha,Urb_nan_YT_Urb_25
A31,Yield - kg/ha,4948,2025,2025.0,STP1_2025_MCG,YLD kg/ha,2025_2025.0_STP1_2025_MCG
A32,Yield - kg/ha,4824,DVPWA,2024.0,AWY1_DVPWA_2024,YLD kg/ha,DVPWA_2024.0_AWY1_DVPWA_2024
A32,Yield - kg/ha,5814,2025,2025.0,TCAP_2025_MANKS,YLD kg/ha,2025_2025.0_TCAP_2025_MANKS
A32,Yield - kg/ha,4777,Big6,,25_Big6_SVREC_SVREC,YLD kg/ha,Big6_nan_25_Big6_SVREC_SVREC
A32,Yield - kg/ha,5393,2025,2025.0,OHRWW_2025_SPO,YLD kg/ha,2025_2025.0_OHRWW_2025_SPO
A32,Yield - kg/ha,5258,2025,2025.0,CornellMaster_2025_McGowan,YLD kg/ha,2025_2025.0_CornellMaster_2025_McGowan
A32,Yield - kg/ha,4533,AY2-3,,24Crk_AY2-3,YLD kg/ha,AY2-3_nan_24Crk_AY2-3
A32,Yield - kg/ha,5246,AYT,2025.0,2025_AYT_Aurora,YLD kg/ha,AYT_2025.0_2025_AYT_Aurora
A32,Yield - kg/ha,6357,Urb,,YT_Urb_25,YLD kg/ha,Urb_nan_YT_Urb_25
A32,Yield - kg/ha,6212,2025,2025.0,STP1_2025_MCG,YLD kg/ha,2025_2025.0_STP1_2025_MCG
A33,Yield - kg/ha,4932,DVPWA,2024.0,AWY1_DVPWA_2024,YLD kg/ha,DVPWA_2024.0_AWY1_DVPWA_2024
A33,Yield - kg/ha,6467,2025,2025.0,TCAP_2025_MANKS,YLD kg/ha,2025_2025.0_TCAP_2025_MANKS
A33,Yield - kg/ha,5154,Big6,,25_Big6_SVREC_SVREC,YLD kg/ha,Big6_nan_25_Big6_SVREC_SVREC
A33,Yield - kg/ha,5428,2025,2025.0,OHRWW_2025_SPO,YLD kg/ha,2025_2025.0_OHRWW_2025_SPO
A33,Yield - kg/ha,6348,2025,2025.0,CornellMaster_2025_McGowan,YLD kg/ha,2025_2025.0_CornellMaster_2025_McGowan
A33,Yield - kg/ha,5262,AY2-3,,24Crk_AY2-3,YLD kg/ha,AY2-3_nan_24Crk_AY2-3
A33,Yield - kg/ha,6082,AYT,2025.0,2025_AYT_Aurora,YLD kg/ha,AYT_2025.0_2025_AYT_Aurora
A33,Yield - kg/ha,5899,Urb,,YT_Urb_25,YLD kg/ha,Urb_nan_YT_Urb_25
A33,Yield - kg/ha,5985,2025,2025.0,STP1_2025_MCG,YLD kg/ha,2025_2025.0_STP1_2025_MCG
A34,Yield - kg/ha,5816,DVPWA,2024.0,AWY1_DVPWA_2024,YLD kg/ha,DVPWA_2024.0_AWY1_DVPWA_2024
A34,Yield - kg/ha,5143,2025,2025.0,TCAP_2025_MANKS,YLD kg/ha,2025_2025.0_TCAP_2025_MANKS
A34,Yield - kg/ha,6432,Big6,,25_Big6_SVREC_SVREC,YLD kg/ha,Big6_nan_25_Big6_SVREC_SVREC
A34,Yield - kg/ha,5223,2025,2025.0,OHRWW_2025_SPO,YLD kg/ha,2025_2025.0_OHRWW_2025_SPO
A34,Yield - kg/ha,5342,2025,2025.0,CornellMaster_2025_McGowan,YLD kg/ha,2025_2025.0_CornellMaster_2025_McGowan
A34,Yield - kg/ha,4996,AY2-3,,24Crk_AY2-3,YLD kg/ha,AY2-3_nan_24Crk_AY2-3
A34,Yield - kg/ha,6055,AYT,2025.0,2025_AYT_Aurora,YLD kg/ha,AYT_2025.0_2025_AYT_Aurora
A34,Yield - kg/ha,4567,Urb,,YT_Urb_25,YLD kg/ha,Urb_nan_YT_Urb_25
A34,Yield - kg/ha,6135,2025,2025.0,STP1_2025_MCG,YLD kg/ha,2025_2025.0_STP1_2025_MCG
A35,Yield - kg/ha,6423,DVPWA,2024.0,AWY1_DVPWA_2024,YLD kg/ha,DVPWA_2024.0_AWY1_DVPWA_2024
A35,Yield - kg/ha,5054,2025,2025.0,TCAP_2025_MANKS,YLD kg/ha,2025_2025.0_TCAP_2025_MANKS
A35,Yield - kg/ha,4624,Big6,,25_Big6_SVREC_SVREC,YLD kg/ha,Big6_nan_25_Big6_SVREC_SVREC
A35,Yield - kg/ha,6182,2025,2025.0,OHRWW_2025_SPO,YLD kg/ha,2025_2025.0_OHRWW_2025_SPO
A35,Yield - kg/ha,4925,2025,2025.0,CornellMaster_2025_McGowan,YLD kg/ha,2025_2025.0_CornellMaster_2025_McGowan
A35,Yield - kg/ha,5837,AY2-3,,24Crk_AY2-3,YLD kg/ha,AY2-3_nan_24Crk_AY2-3
A35,Yield - kg/ha,5453,AYT,2025.0,2025_AYT_Aurora,YLD kg/ha,AYT_2025.0_2025_AYT_Aurora
A35,Yield - kg/ha,4687,Urb,,YT_Urb_25,YLD kg/ha,Urb_nan_YT_Urb_25
A35,Yield - kg/ha,5155,2025,2025.0,STP1_2025_MCG,YLD kg/ha,2025_2025.0_STP1_2025_MCG
A36,Yield - kg/ha,4731,DVPWA,2024.0,AWY1_DVPWA_2024,YLD kg/ha,DVPWA_2024.0_AWY1_DVPWA_2024
A36,Yield - kg/ha,4890,2025,2025.0,TCAP_2025_MANKS,YLD kg/ha,2025_2025.0_TCAP_2025_MANKS
A36,Yield - kg/ha,4538,Big6,,25_Big6_SVREC_SVREC,YLD kg/ha,Big6_nan_25_Big6_SVREC_SVREC
A36,Yield - kg/ha,4733,2025,2025.0,OHRWW_2025_SPO,YLD kg/ha,2025_2025.0_OHRWW_2025_SPO
A36,Yield - kg/ha,5137,2025,2025.0,CornellMaster_2025_McGowan,YLD kg/ha,2025_2025.0_CornellMaster_2025_McGowan
A36,Yield - kg/ha,6198,AY2-3,,24Crk_AY2-3,YLD kg/ha,AY2-3_nan_24Crk_AY2-3
A36,Yield - kg/ha,5593,AYT,2025.0,2025_AYT_Aurora,YLD kg/ha,AYT_2025.0_2025_AYT_Aurora
A36,Yield - kg/ha,4633,Urb,,YT_Urb_25,YLD kg/ha,Urb_nan_YT_Urb_25
A36,Yield - kg/ha,4831,2025,2025.0,STP1_2025_MCG,YLD kg/ha,2025_2025.0_STP1_2025_MCG
A37,Yield - kg/ha,4567,DVPWA,2024.0,AWY1_DVPWA_2024,YLD kg/ha,DVPWA_2024.0_AWY1_DVPWA_2024
A37,Yield - kg/ha,5592,2025,2025.0,TCAP_2025_MANKS,YLD kg/ha,2025_2025.0_TCAP_2025_MANKS
A37,Yield - kg/ha,5825,Big6,,25_Big6_SVREC_SVREC,YLD kg/ha,Big6_nan_25_Big6_SVREC_SVREC
A37,Yield - kg/ha,6160,2025,2025.0,OHRWW_2025_SPO,YLD kg/ha,2025_2025.0_OHRWW_2025_SPO
A37,Yield - kg/ha,5889,2025,2025.0,CornellMaster_2025_McGowan,YLD kg/ha,2025_2025.0_CornellMaster_2025_McGowan
A37,Yield - kg/ha,6425,AY2-3,,24Crk_AY2-3,YLD kg/ha,AY2-3_nan_24Crk_AY2-3
A37,Yield - kg/ha,5667,AYT,2025.0,2025_AYT_Aurora,YLD kg/ha,AYT_2025.0_2025_AYT_Aurora
A37,Yield - kg/ha,6063,Urb,,YT_Urb_25,YLD kg/ha,Urb_nan_YT_Urb_25
A37,Yield - kg/ha,5796,2025,2025.0,STP1_2025_MCG,YLD kg/ha,2025_2025.0_STP1_2025_MCG
A38,Yield - kg/ha,5309,DVPWA,2024.0,AWY1_DVPWA_2024,YLD kg/ha,DVPWA_2024.0_AWY1_DVPWA_2024
A38,Yield - kg/ha,6193,2025,2025.0,TCAP_2025_MANKS,YLD kg/ha,2025_2025.0_TCAP_2025_MANKS
A38,Yield - kg/ha,6053,Big6,,25_Big6_SVREC_SVREC,YLD kg/ha,Big6_nan_25_Big6_SVREC_SVREC
A38,Yield - kg/ha,4857,2025,2025.0,OHRWW_2025_SPO,YLD kg/ha,2025_2025.0_OHRWW_2025_SPO
A38,Yield - kg/ha,6322,2025,2025.0,CornellMaster_2025_McGowan,YLD kg/ha,2025_2025.0_CornellMaster_2025_McGowan
A38,Yield - kg/ha,5959,AY2-3,,24Crk_AY2-3,YLD kg/ha,AY2-3_nan_24Crk_AY2-3
A38,Yield - kg/ha,4794,AYT,2025.0,2025_AYT_Aurora,YLD kg/ha,AYT_2025.0_2025_AYT_Aurora
A38,Yield - kg/ha,4826,Urb,,YT_Urb_25,YLD kg/ha,Urb_nan_YT_Urb_25
A38,Yield - kg/ha,4608,2025,2025.0,STP1_2025_MCG,YLD kg/ha,2025_2025.0_STP1_2025_MCG
A39,Yield - kg/ha,4655,DVPWA,2024.0,AWY1_DVPWA_2024,YLD kg/ha,DVPWA_2024.0_AWY1_DVPWA_2024
A39,Yield - kg/ha,5991,2025,2025.0,TCAP_2025_MANKS,YLD kg/ha,2025_2025.0_TCAP_2025_MANKS
A39,Yield - kg/ha,5236,Big6,,25_Big6_SVREC_SVREC,YLD kg/ha,Big6_nan_25_Big6_SVREC_SVREC
A39,Yield - kg/ha,4690,2025,2025.0,OHRWW_2025_SPO,YLD kg/ha,2025_2025.0_OHRWW_2025_SPO
A39,Yield - kg/ha,5687,2025,2025.0,CornellMaster_2025_McGowan,YLD kg/ha,2025_2025.0_CornellMaster_2025_McGowan
A39,Yield - kg/ha,5197,AY2-3,,24Crk_AY2-3,YLD kg/ha,AY2-3_nan_24Crk_AY2-3
A39,Yield - kg/ha,4605,AYT,2025.0,2025_AYT_Aurora,YLD kg/ha,AYT_2025.0_2025_AYT_Aurora
A39,Yield - kg/ha,5524,Urb,,YT_Urb_25,YLD kg/ha,Urb_nan_YT_Urb_25
A39,Yield - kg/ha,6397,2025,2025.0,STP1_2025_MCG,YLD kg/ha,2025_2025.0_STP1_2025_MCG
A40,Yield - kg/ha,5608,DVPWA,2024.0,AWY1_DVPWA_2024,YLD kg/ha,DVPWA_2024.0_AWY1_DVPWA_2024
A40,Yield - kg/ha,6181,2025,2025.0,TCAP_2025_MANKS,YLD kg/ha,2025_2025.0_TCAP_2025_MANKS
A40,Yield - kg/ha,5120,Big6,,25_Big6_SVREC_SVREC,YLD kg/ha,Big6_nan_25_Big6_SVREC_SVREC
A40,Yield - kg/ha,4527,2025,2025.0,OHRWW_2025_SPO,YLD kg/ha,2025_2025.0_OHRWW_2025_SPO
A40,Yield - kg/ha,6448,2025,2025.0,CornellMaster_2025_McGowan,YLD kg/ha,2025_2025.0_CornellMaster_2025_McGowan
A40,Yield - kg/ha,5711,AY2-3,,24Crk_AY2-3,YLD kg/ha,AY2-3_nan_24Crk_AY2-3
A40,Yield - kg/ha,5192,AYT,2025.0,2025_AYT_Aurora,YLD kg/ha,AYT_2025.0_2025_AYT_Aurora
A40,Yield - kg/ha,6101,Urb,,YT_Urb_25,YLD kg/ha,Urb_nan_YT_Urb_25
A40,Yield - kg/ha,4501,2025,2025.0,STP1_2025_MCG,YLD kg/ha,2025_2025.0_STP1_2025_MCG
A41,Yield - kg/ha,4844,DVPWA,2024.0,AWY1_DVPWA_2024,YLD kg/ha,DVPWA_2024.0_AWY1_DVPWA_2024
A41,Yield - kg/ha,5907,2025,2025.0,TCAP_2025_MANKS,YLD kg/ha,2025_2025.0_TCAP_2025_MANKS
A41,Yield - kg/ha,5820,Big6,,25_Big6_SVREC_SVREC,YLD kg/ha,Big6_nan_25_Big6_SVREC_SVREC
A41,Yield - kg/ha,6217,2025,2025.0,OHRWW_2025_SPO,YLD kg/ha,2025_2025.0_OHRWW_2025_SPO
A41,Yield - kg/ha,5212,2025,2025.0,CornellMaster_2025_McGowan,YLD kg/ha,2025_2025.0_CornellMaster_2025_McGowan
A41,Yield - kg/ha,4888,AY2-3,,24Crk_AY2-3,YLD kg/ha,AY2-3_nan_24Crk_AY2-3
A41,Yield - kg/ha,5905,AYT,2025.0,2025_AYT_Aurora,YLD kg/ha,AYT_2025.0_2025_AYT_Aurora
A41,Yield - kg/ha,6331,Urb,,YT_Urb_25,YLD kg/ha,Urb_nan_YT_Urb_25
A41,Yield - kg/ha,5555,2025,2025.0,STP1_2025_MCG,YLD kg/ha,2025_2025.0_STP1_2025_MCG
A42,Yield - kg/ha,4844,DVPWA,2024.0,AWY1_DVPWA_2024,YLD kg/ha,DVPWA_2024.0_AWY1_DVPWA_2024
A42,Yield - kg/ha,6321,2025,2025.0,TCAP_2025_MANKS,YLD kg/ha,2025_2025.0_TCAP_2025_MANKS
A42,Yield - kg/ha,5830,Big6,,25_Big6_SVREC_SVREC,YLD kg/ha,Big6_nan_25_Big6_SVREC_SVREC
A42,Yield - kg/ha,4637,2025,2025.0,OHRWW_2025_SPO,YLD kg/ha,2025_2025.0_OHRWW_2025_SPO
A42,Yield - kg/ha,4747,2025,2025.0,CornellMaster_2025_McGowan,YLD kg/ha,2025_2025.0_CornellMaster_2025_McGowan
A42,Yield - kg/ha,5107,AY2-3,,24Crk_AY2-3,YLD kg/ha,AY2-3_nan_24Crk_AY2-3
A42,Yield - kg/ha,4734,AYT,2025.0,2025_AYT_Aurora,YLD kg/ha,AYT_2025.0_2025_AYT_Aurora
A42,Yield - kg/ha,4913,Urb,,YT_Urb_25,YLD kg/ha,Urb_nan_YT_Urb_25
A42,Yield - kg/ha,5400,2025,2025.0,STP1_2025_MCG,YLD kg/ha,2025_2025.0_STP1_2025_MCG
A43,Yield - kg/ha,6482,DVPWA,2024.0,AWY1_DVPWA_2024,YLD kg/ha,DVPWA_2024.0_AWY1_DVPWA_2024
A43,Yield - kg/ha,5110,2025,2025.0,TCAP_2025_MANKS,YLD kg/ha,2025_2025.0_TCAP_2025_MANKS
A43,Yield - kg/ha,5719,Big6,,25_Big6_SVREC_SVREC,YLD kg/ha,Big6_nan_25_Big6_SVREC_SVREC
A43,Yield - kg/ha,5845,2025,2025.0,OHRWW_2025_SPO,YLD kg/ha,2025_2025.0_OHRWW_2025_SPO
A43,Yield - kg/ha,5788,2025,2025.0,CornellMaster_2025_McGowan,YLD kg/ha,2025_2025.0_CornellMaster_2025_McGowan
A43,Yield - kg/ha,6001,AY2-3,,24Crk_AY2-3,YLD kg/ha,AY2-3_nan_24Crk_AY2-3
A43,Yield - kg/ha,4777,AYT,2025.0,2025_AYT_Aurora,YLD kg/ha,AYT_2025.0_2025_AYT_Aurora
A43,Yield - kg/ha,6241,Urb,,YT_Urb_25,YLD kg/ha,Urb_nan_YT_Urb_25
A43,Yield - kg/ha,4780,2025,2025.0,STP1_2025_MCG,YLD kg/ha,2025_2025.0_STP1_2025_MCG
A44,Yield - kg/ha,6415,DVPWA,2024.0,AWY1_DVPWA_2024,YLD kg/ha,DVPWA_2024.0_AWY1_DVPWA_2024
A44,Yield - kg/ha,4794,2025,2025.0,TCAP_2025_MANKS,YLD kg/ha,2025_2025.0_TCAP_2025_MANKS
A44,Yield - kg/ha,4565,Big6,,25_Big6_SVREC_SVREC,YLD kg/ha,Big6_nan_25_Big6_SVREC_SVREC
A44,Yield - kg/ha,4775,2025,2025.0,OHRWW_2025_SPO,YLD kg/ha,2025_2025.0_OHRWW_2025_SPO
A44,Yield - kg/ha,5428,2025,2025.0,CornellMaster_2025_McGowan,YLD kg/ha,2025_2025.0_CornellMaster_2025_McGowan
A44,Yield - kg/ha,5626,AY2-3,,24Crk_AY2-3,YLD kg/ha,AY2-3_nan_24Crk_AY2-3
A44,Yield - kg/ha,5373,AYT,2025.0,2025_AYT_Aurora,YLD kg/ha,AYT_2025.0_2025_AYT_Aurora
A44,Yield - kg/ha,5801,Urb,,YT_Urb_25,YLD kg/ha,Urb_nan_YT_Urb_25
A44,Yield - kg/ha,4983,2025,2025.0,STP1_2025_MCG,YLD kg/ha,2025_2025.0_STP1_2025_MCG
A45,Yield - kg/ha,6037,DVPWA,2024.0,AWY1_DVPWA_2024,YLD kg/ha,DVPWA_2024.0_AWY1_DVPWA_2024
A45,Yield - kg/ha,5254,2025,2025.0,TCAP_2025_MANKS,YLD kg/ha,2025_2025.0_TCAP_2025_MANKS
A45,Yield - kg/ha,6461,Big6,,25_Big6_SVREC_SVREC,YLD kg/ha,Big6_nan_25_Big6_SVREC_SVREC
A45,Yield - kg/ha,5167,2025,2025.0,OHRWW_2025_SPO,YLD kg/ha,2025_2025.0_OHRWW_2025_SPO
A45,Yield - kg/ha,5663,2025,2025.0,CornellMaster_2025_McGowan,YLD kg/ha,2025_2025.0_CornellMaster_2025_McGowan
A45,Yield - kg/ha,4700,AY2-3,,24Crk_AY2-3,YLD kg/ha,AY2-3_nan_24Crk_AY2-3
A45,Yield - kg/ha,6078,AYT,2025.0,2025_AYT_Aurora,YLD kg/ha,AYT_2025.0_2025_AYT_Aurora
A45,Yield - kg/ha,4781,Urb,,YT_Urb_25,YLD kg/ha,Urb_nan_YT_Urb_25
A45,Yield - kg/ha,6287,2025,2025.0,STP1_2025_MCG,YLD kg/ha,2025_2025.0_STP1_2025_MCG
A46,Yield - kg/ha,5488,DVPWA,2024.0,AWY1_DVPWA_2024,YLD kg/ha,DVPWA_2024.0_AWY1_DVPWA_2024
A46,Yield - kg/ha,5809,2025,2025.0,TCAP_2025_MANKS,YLD kg/ha,2025_2025.0_TCAP_2025_MANKS
A46,Yield - kg/ha,5929,Big6,,25_Big6_SVREC_SVREC,YLD kg/ha,Big6_nan_25_Big6_SVREC_SVREC
A46,Yield - kg/ha,4750,2025,2025.0,OHRWW_2025_SPO,YLD kg/ha,2025_2025.0_OHRWW_2025_SPO
A46,Yield - kg/ha,5659,2025,2025.0,CornellMaster_2025_McGowan,YLD kg/ha,2025_2025.0_CornellMaster_2025_McGowan
A46,Yield - kg/ha,5518,AY2-3,,24Crk_AY2-3,YLD kg/ha,AY2-3_nan_24Crk_AY2-3
A46,Yield - kg/ha,5422,AYT,2025.0,2025_AYT_Aurora,YLD kg/ha,AYT_2025.0_2025_AYT_Aurora
A46,Yield - kg/ha,6094,Urb,,YT_Urb_25,YLD kg/ha,Urb_nan_YT_Urb_25
A46,Yield - kg/ha,6214,2025,2025.0,STP1_2025_MCG,YLD kg/ha,2025_2025.0_STP1_2025_MCG
A47,Yield - kg/ha,5586,DVPWA,2024.0,AWY1_DVPWA_2024,YLD kg/ha,DVPWA_2024.0_AWY1_DVPWA_2024
A47,Yield - kg/ha,4502,2025,2025.0,TCAP_2025_MANKS,YLD kg/ha,2025_2025.0_TCAP_2025_MANKS
A47,Yield - kg/ha,5786,Big6,,25_Big6_SVREC_SVREC,YLD kg/ha,Big6_nan_25_Big6_SVREC_SVREC
A47,Yield - kg/ha,4837,2025,2025.0,OHRWW_2025_SPO,YLD kg/ha,2025_2025.0_OHRWW_2025_SPO
A47,Yield - kg/ha,4887,2025,2025.0,CornellMaster_2025_McGowan,YLD kg/ha,2025_2025.0_CornellMaster_2025_McGowan
A47,Yield - kg/ha,5827,AY2-3,,24Crk_AY2-3,YLD kg/ha,AY2-3_nan_24Crk_AY2-3
A47,Yield - kg/ha,5730,AYT,2025.0,2025_AYT_Aurora,YLD kg/ha,AYT_2025.0_2025_AYT_Aurora
A47,Yield - kg/ha,6055,Urb,,YT_Urb_25,YLD kg/ha,Urb_nan_YT_Urb_25
A47,Yield - kg/ha,6110,2025,2025.0,STP1_2025_MCG,YLD kg/ha,2025_2025.0_STP1_2025_MCG
A48,Yield - kg/ha,5858,DVPWA,2024.0,AWY1_DVPWA_2024,YLD kg/ha,DVPWA_2024.0_AWY1_DVPWA_2024
A48,Yield - kg/ha,5683,2025,2025.0,TCAP_2025_MANKS,YLD kg/ha,2025_2025.0_TCAP_2025_MANKS
A48,Yield - kg/ha,6319,Big6,,25_Big6_SVREC_SVREC,YLD kg/ha,Big6_nan_25_Big6_SVREC_SVREC
A48,Yield - kg/ha,4898,2025,2025.0,OHRWW_2025_SPO,YLD kg/ha,2025_2025.0_OHRWW_2025_SPO
A48,Yield - kg/ha,5712,2025,2025.0,CornellMaster_2025_McGowan,YLD kg/ha,2025_2025.0_CornellMaster_2025_McGowan
A48,Yield - kg/ha,6200,AY2-3,,24Crk_AY2-3,YLD kg/ha,AY2-3_nan_24Crk_AY2-3
A48,Yield - kg/ha,5887,AYT,2025.0,2025_AYT_Aurora,YLD kg/ha,AYT_2025.0_2025_AYT_Aurora
A48,Yield - kg/ha,5820,Urb,,YT_Urb_25,YLD kg/ha,Urb_nan_YT_Urb_25
A48,Yield - kg/ha,6489,2025,2025.0,STP1_2025_MCG,YLD kg/ha,2025_2025.0_STP1_2025_MCG
A49,Yield - kg/ha,4851,DVPWA,2024.0,AWY1_DVPWA_2024,YLD kg/ha,DVPWA_2024.0_AWY1_DVPWA_2024
A49,Yield - kg/ha,5417,2025,2025.0,TCAP_2025_MANKS,YLD kg/ha,2025_2025.0_TCAP_2025_MANKS
A49,Yield - kg/ha,6117,Big6,,25_Big6_SVREC_SVREC,YLD kg/ha,Big6_nan_25_Big6_SVREC_SVREC
A49,Yield - kg/ha,6293,2025,2025.0,OHRWW_2025_SPO,YLD kg/ha,2025_2025.0_OHRWW_2025_SPO
A49,Yield - kg/ha,5529,2025,2025.0,CornellMaster_2025_McGowan,YLD kg/ha,2025_2025.0_CornellMaster_2025_McGowan
A49,Yield - kg/ha,5094,AY2-3,,24Crk_AY2-3,YLD kg/ha,AY2-3_nan_24Crk_AY2-3
A49,Yield - kg/ha,5759,AYT,2025.0,2025_AYT_Aurora,YLD kg/ha,AYT_2025.0_2025_AYT_Aurora
A49,Yield - kg/ha,5554,Urb,,YT_Urb_25,YLD kg/ha,Urb_nan_YT_Urb_25
A49,Yield - kg/ha,5217,2025,2025.0,STP1_2025_MCG,YLD kg/ha,2025_2025.0_STP1_2025_MCG
A50,Yield - kg/ha,5922,DVPWA,2024.0,AWY1_DVPWA_2024,YLD kg/ha,DVPWA_2024.0_AWY1_DVPWA_2024
A50,Yield - kg/ha,4627,2025,2025.0,TCAP_2025_MANKS,YLD kg/ha,2025_2025.0_TCAP_2025_MANKS
A50,Yield - kg/ha,5119,Big6,,25_Big6_SVREC_SVREC,YLD kg/ha,Big6_nan_25_Big6_SVREC_SVREC
A50,Yield - kg/ha,4955,2025,2025.0,OHRWW_2025_SPO,YLD kg/ha,2025_2025.0_OHRWW_2025_SPO
A50,Yield - kg/ha,5182,2025,2025.0,CornellMaster_2025_McGowan,YLD kg/ha,2025_2025.0_CornellMaster_2025_McGowan
A50,Yield - kg/ha,5336,AY2-3,,24Crk_AY2-3,YLD kg/ha,AY2-3_nan_24Crk_AY2-3
A50,Yield - kg/ha,6013,AYT,2025.0,2025_AYT_Aurora,YLD kg/ha,AYT_2025.0_2025_AYT_Aurora
A50,Yield - kg/ha,6288,Urb,,YT_Urb_25,YLD kg/ha,Urb_nan_YT_Urb_25
A50,Yield - kg/ha,6243,2025,2025.0,STP1_2025_MCG,YLD kg/ha,2025_2025.0_STP1_2025_MCG
